title,artists,year,youtube_query
16 Candles,The Crests,1958,16 Candles The Crests
Bird Dog,The Everly Brothers,1958,Bird Dog The Everly Brothers
Donna,Ritchie Valens,1958,Donna Ritchie Valens
It's All In The Game,Tommy Edwards,1958,It's All In The Game Tommy Edwards
It's Only Make Believe,Conway Twitty,1958,It's Only Make Believe Conway Twitty
Little Star,The Elegants,1958,Little Star The Elegants
My Happiness,Connie Francis,1958,My Happiness Connie Francis
Poor Little Fool,Ricky Nelson,1958,Poor Little Fool Ricky Nelson
Rock-in Robin,Bobby Day,1958,Rock-in Robin Bobby Day
Smoke Gets In Your Eyes,The Platters,1958,Smoke Gets In Your Eyes The Platters
Stagger Lee,Lloyd Price,1958,Stagger Lee Lloyd Price
The All American Boy,Bill Parsons,1958,The All American Boy Bill Parsons
The Chipmunk Song,The Chipmunks With David Seville,1958,The Chipmunk Song The Chipmunks With David Seville
"To Know Him, Is To Love Him",The Teddy Bears,1958,"To Know Him, Is To Love Him The Teddy Bears"
Tom Dooley,The Kingston Trio,1958,Tom Dooley The Kingston Trio
Come Softly To Me,The Fleetwoods,1959,Come Softly To Me The Fleetwoods
El Paso,Marty Robbins,1959,El Paso Marty Robbins
Heartaches By The Number,Guy Mitchell,1959,Heartaches By The Number Guy Mitchell
Kansas City,Wilbert Harrison,1959,Kansas City Wilbert Harrison
Lonely Boy,Paul Anka,1959,Lonely Boy Paul Anka
Mack The Knife,Bobby Darin,1959,Mack The Knife Bobby Darin
Mr. Blue,The Fleetwoods,1959,Mr. Blue The Fleetwoods
Running Bear,Johnny Preston,1959,Running Bear Johnny Preston
Sleep Walk,Santo & Johnny,1959,Sleep Walk Santo & Johnny
Teen Angel,Mark Dinning,1959,Teen Angel Mark Dinning
The Battle Of New Orleans,Johnny Horton,1959,The Battle Of New Orleans Johnny Horton
The Happy Organ,"Dave ""Baby"" Cortez",1959,"The Happy Organ Dave ""Baby"" Cortez"
The Three Bells,The Browns,1959,The Three Bells The Browns
Venus,Frankie Avalon,1959,Venus Frankie Avalon
Why,Frankie Avalon,1959,Why Frankie Avalon
Calcutta,Lawrence Welk And His Orchestra,1960,Calcutta Lawrence Welk And His Orchestra
Cathy's Clown,The Everly Brothers,1960,Cathy's Clown The Everly Brothers
Everybody's Somebody's Fool,Connie Francis,1960,Everybody's Somebody's Fool Connie Francis
I'm Sorry,Brenda Lee,1960,I'm Sorry Brenda Lee
It's Now Or Never,Elvis Presley With The Jordanaires,1960,It's Now Or Never Elvis Presley With The Jordanaires
My Heart Has A Mind Of Its Own,Connie Francis,1960,My Heart Has A Mind Of Its Own Connie Francis
Rockin' Around The Christmas Tree,Brenda Lee,1960,Rockin' Around The Christmas Tree Brenda Lee
Save The Last Dance For Me,The Drifters,1960,Save The Last Dance For Me The Drifters
Stay,Maurice Williams & The Zodiacs,1960,Stay Maurice Williams & The Zodiacs
Stuck On You,Elvis Presley With The Jordanaires,1960,Stuck On You Elvis Presley With The Jordanaires
"The Theme From ""A Summer Place""",Percy Faith And His Orchestra,1960,"The Theme From ""A Summer Place"" Percy Faith And His Orchestra"
The Twist,Chubby Checker,1960,The Twist Chubby Checker
Will You Love Me Tomorrow,The Shirelles,1960,Will You Love Me Tomorrow The Shirelles
Wonderland By Night,Bert Kaempfert And His Orchestra,1960,Wonderland By Night Bert Kaempfert And His Orchestra
Big Bad John,Jimmy Dean,1961,Big Bad John Jimmy Dean
Michael,The Highwaymen,1961,Michael The Highwaymen
Moody River,Pat Boone,1961,Moody River Pat Boone
Peppermint Twist - Part I,Joey Dee & the Starliters,1961,Peppermint Twist - Part I Joey Dee & the Starliters
Please Mr. Postman,The Marvelettes,1961,Please Mr. Postman The Marvelettes
Pony Time,Chubby Checker,1961,Pony Time Chubby Checker
Quarter To Three,U.S. Bonds,1961,Quarter To Three U.S. Bonds
Runaway,Del Shannon,1961,Runaway Del Shannon
Running Scared,Roy Orbison,1961,Running Scared Roy Orbison
Take Good Care Of My Baby,Bobby Vee,1961,Take Good Care Of My Baby Bobby Vee
The Lion Sleeps Tonight,The Tokens,1961,The Lion Sleeps Tonight The Tokens
Tossin' And Turnin',Bobby Lewis,1961,Tossin' And Turnin' Bobby Lewis
Travelin' Man,Ricky Nelson,1961,Travelin' Man Ricky Nelson
Wooden Heart,Joe Dowell,1961,Wooden Heart Joe Dowell
Big Girls Don't Cry,The 4 Seasons,1962,Big Girls Don't Cry The 4 Seasons
Breaking Up Is Hard To Do,Neil Sedaka,1962,Breaking Up Is Hard To Do Neil Sedaka
Duke Of Earl,Gene Chandler,1962,Duke Of Earl Gene Chandler
Go Away Little Girl,Steve Lawrence,1962,Go Away Little Girl Steve Lawrence
He's A Rebel,The Crystals,1962,He's A Rebel The Crystals
Hey! Baby,Bruce Channel,1962,Hey! Baby Bruce Channel
I Can't Stop Loving You,Ray Charles,1962,I Can't Stop Loving You Ray Charles
Johnny Angel,Shelley Fabares,1962,Johnny Angel Shelley Fabares
Monster Mash,"Bobby ""Boris"" Pickett And The Crypt-Kickers",1962,"Monster Mash Bobby ""Boris"" Pickett And The Crypt-Kickers"
Roses Are Red (My Love),Bobby Vinton,1962,Roses Are Red (My Love) Bobby Vinton
Stranger On The Shore,Mr. Acker Bilk,1962,Stranger On The Shore Mr. Acker Bilk
Telstar,The Tornadoes,1962,Telstar The Tornadoes
The Loco-Motion,Little Eva,1962,The Loco-Motion Little Eva
The Stripper,David Rose and His Orchestra,1962,The Stripper David Rose and His Orchestra
Blue Velvet,Bobby Vinton,1963,Blue Velvet Bobby Vinton
Deep Purple,Nino Tempo & April Stevens,1963,Deep Purple Nino Tempo & April Stevens
Fingertips - Pt 2,Little Stevie Wonder,1963,Fingertips - Pt 2 Little Stevie Wonder
He's So Fine,The Chiffons,1963,He's So Fine The Chiffons
I Will Follow Him,Little Peggy March,1963,I Will Follow Him Little Peggy March
I'm Leaving It Up To You,Dale & Grace,1963,I'm Leaving It Up To You Dale & Grace
If You Wanna Be Happy,Jimmy Soul,1963,If You Wanna Be Happy Jimmy Soul
My Boyfriend's Back,The Angels,1963,My Boyfriend's Back The Angels
Our Day Will Come,Ruby And The Romantics,1963,Our Day Will Come Ruby And The Romantics
So Much In Love,The Tymes,1963,So Much In Love The Tymes
Sugar Shack,Jimmy Gilmer And The Fireballs,1963,Sugar Shack Jimmy Gilmer And The Fireballs
Sukiyaki,Kyu Sakamoto,1963,Sukiyaki Kyu Sakamoto
Walk Like A Man,The 4 Seasons,1963,Walk Like A Man The 4 Seasons
Walk Right In,The Rooftop Singers,1963,Walk Right In The Rooftop Singers
Chapel Of Love,The Dixie Cups,1964,Chapel Of Love The Dixie Cups
Come See About Me,The Supremes,1964,Come See About Me The Supremes
Downtown,Petula Clark,1964,Downtown Petula Clark
Everybody Loves Somebody,Dean Martin,1964,Everybody Loves Somebody Dean Martin
"Hello, Dolly!",Louis Armstrong And The All Stars,1964,"Hello, Dolly! Louis Armstrong And The All Stars"
I Get Around,The Beach Boys,1964,I Get Around The Beach Boys
I Want To Hold Your Hand,The Beatles,1964,I Want To Hold Your Hand The Beatles
Love Me Do,The Beatles,1964,Love Me Do The Beatles
Mr. Lonely,Bobby Vinton,1964,Mr. Lonely Bobby Vinton
My Guy,Mary Wells,1964,My Guy Mary Wells
"Oh, Pretty Woman",Roy Orbison And The Candy Men,1964,"Oh, Pretty Woman Roy Orbison And The Candy Men"
She Loves You,The Beatles,1964,She Loves You The Beatles
Where Did Our Love Go,The Supremes,1964,Where Did Our Love Go The Supremes
You've Lost That Lovin' Feelin',The Righteous Brothers,1964,You've Lost That Lovin' Feelin' The Righteous Brothers
(I Can't Get No) Satisfaction,The Rolling Stones,1965,(I Can't Get No) Satisfaction The Rolling Stones
Hang On Sloopy,The McCoys,1965,Hang On Sloopy The McCoys
"Help Me, Rhonda",The Beach Boys,1965,"Help Me, Rhonda The Beach Boys"
Help!,The Beatles,1965,Help! The Beatles
I Can't Help Myself (Sugar Pie Honey Bunch),Four Tops,1965,I Can't Help Myself (Sugar Pie Honey Bunch) Four Tops
I Got You Babe,Sonny & Cher,1965,I Got You Babe Sonny & Cher
Lightnin' Strikes,Lou Christie,1965,Lightnin' Strikes Lou Christie
Mr. Tambourine Man,The Byrds,1965,Mr. Tambourine Man The Byrds
My Girl,The Temptations,1965,My Girl The Temptations
My Love,Petula Clark,1965,My Love Petula Clark
Stop! In The Name Of Love,The Supremes,1965,Stop! In The Name Of Love The Supremes
The Sound Of Silence,Simon & Garfunkel,1965,The Sound Of Silence Simon & Garfunkel
This Diamond Ring,Gary Lewis And The Playboys,1965,This Diamond Ring Gary Lewis And The Playboys
Turn! Turn! Turn! (To Everything There Is A Season),The Byrds,1965,Turn! Turn! Turn! (To Everything There Is A Season) The Byrds
(You're My) Soul And Inspiration,The Righteous Brothers,1966,(You're My) Soul And Inspiration The Righteous Brothers
96 Tears,? (Question Mark) & The Mysterians,1966,96 Tears ? (Question Mark) & The Mysterians
Cherish,The Association,1966,Cherish The Association
Good Lovin',The Young Rascals,1966,Good Lovin' The Young Rascals
Good Vibrations,The Beach Boys,1966,Good Vibrations The Beach Boys
I'm A Believer,The Monkees,1966,I'm A Believer The Monkees
Last Train To Clarksville,The Monkees,1966,Last Train To Clarksville The Monkees
Poor Side Of Town,Johnny Rivers,1966,Poor Side Of Town Johnny Rivers
Reach Out I'll Be There,Four Tops,1966,Reach Out I'll Be There Four Tops
Strangers In The Night,Frank Sinatra,1966,Strangers In The Night Frank Sinatra
The Ballad Of The Green Berets,SSgt Barry Sadler,1966,The Ballad Of The Green Berets SSgt Barry Sadler
These Boots Are Made For Walkin',Nancy Sinatra,1966,These Boots Are Made For Walkin' Nancy Sinatra
When A Man Loves A Woman,Percy Sledge,1966,When A Man Loves A Woman Percy Sledge
Winchester Cathedral,The New Vaudeville Band,1966,Winchester Cathedral The New Vaudeville Band
Daydream Believer,The Monkees,1967,Daydream Believer The Monkees
Green Tambourine,The Lemon Pipers,1967,Green Tambourine The Lemon Pipers
Groovin',The Young Rascals,1967,Groovin' The Young Rascals
Happy Together,The Turtles,1967,Happy Together The Turtles
Incense And Peppermints,Strawberry Alarm Clock,1967,Incense And Peppermints Strawberry Alarm Clock
Judy In Disguise (With Glasses),John Fred And The Playboys,1967,Judy In Disguise (With Glasses) John Fred And The Playboys
Light My Fire,The Doors,1967,Light My Fire The Doors
Ode To Billie Joe,Bobbie Gentry,1967,Ode To Billie Joe Bobbie Gentry
Respect,Aretha Franklin,1967,Respect Aretha Franklin
Ruby Tuesday,The Rolling Stones,1967,Ruby Tuesday The Rolling Stones
Somethin' Stupid,Nancy Sinatra & Frank Sinatra,1967,Somethin' Stupid Nancy Sinatra & Frank Sinatra
The Letter,The Box Tops,1967,The Letter The Box Tops
To Sir With Love,Lulu,1967,To Sir With Love Lulu
Windy,The Association,1967,Windy The Association
(Sittin' On) The Dock Of The Bay,Otis Redding,1968,(Sittin' On) The Dock Of The Bay Otis Redding
Crimson And Clover,Tommy James And The Shondells,1968,Crimson And Clover Tommy James And The Shondells
Everyday People,Sly & The Family Stone,1968,Everyday People Sly & The Family Stone
Grazing In The Grass,Hugh Masekela,1968,Grazing In The Grass Hugh Masekela
Harper Valley P.T.A.,Jeannie C. Riley,1968,Harper Valley P.T.A. Jeannie C. Riley
Hey Jude,The Beatles,1968,Hey Jude The Beatles
Honey,Bobby Goldsboro,1968,Honey Bobby Goldsboro
I Heard It Through The Grapevine,Marvin Gaye,1968,I Heard It Through The Grapevine Marvin Gaye
Love Child,Diana Ross & The Supremes,1968,Love Child Diana Ross & The Supremes
Love Is Blue (L'amour Est Bleu),Paul Mauriat And His Orchestra,1968,Love Is Blue (L'amour Est Bleu) Paul Mauriat And His Orchestra
Mrs. Robinson,Simon & Garfunkel,1968,Mrs. Robinson Simon & Garfunkel
People Got To Be Free,The Rascals,1968,People Got To Be Free The Rascals
This Guy's In Love With You,Herb Alpert,1968,This Guy's In Love With You Herb Alpert
Tighten Up,Archie Bell & The Drells,1968,Tighten Up Archie Bell & The Drells
Aquarius/Let The Sunshine In,The 5th Dimension,1969,Aquarius/Let The Sunshine In The 5th Dimension
Come Together/Something,The Beatles,1969,Come Together/Something The Beatles
Dizzy,Tommy Roe,1969,Dizzy Tommy Roe
Honky Tonk Women,The Rolling Stones,1969,Honky Tonk Women The Rolling Stones
I Can't Get Next To You,The Temptations,1969,I Can't Get Next To You The Temptations
I Want You Back,Jackson 5,1969,I Want You Back Jackson 5
Leaving On A Jet Plane,"Peter, Paul & Mary",1969,"Leaving On A Jet Plane Peter, Paul & Mary"
Love Theme From Romeo & Juliet,Henry Mancini And His Orchestra,1969,Love Theme From Romeo & Juliet Henry Mancini And His Orchestra
Na Na Hey Hey Kiss Him Goodbye,Steam,1969,Na Na Hey Hey Kiss Him Goodbye Steam
Raindrops Keep Fallin' On My Head,B.J. Thomas,1969,Raindrops Keep Fallin' On My Head B.J. Thomas
Someday We'll Be Together,Diana Ross & The Supremes,1969,Someday We'll Be Together Diana Ross & The Supremes
"Sugar, Sugar",The Archies,1969,"Sugar, Sugar The Archies"
Suspicious Minds,Elvis Presley,1969,Suspicious Minds Elvis Presley
Wedding Bell Blues,The 5th Dimension,1969,Wedding Bell Blues The 5th Dimension
(They Long To Be) Close To You,Carpenters,1970,(They Long To Be) Close To You Carpenters
Ain't No Mountain High Enough,Diana Ross,1970,Ain't No Mountain High Enough Diana Ross
American Woman/No Sugar Tonight,The Guess Who,1970,American Woman/No Sugar Tonight The Guess Who
Bridge Over Troubled Water,Simon & Garfunkel,1970,Bridge Over Troubled Water Simon & Garfunkel
Cracklin' Rosie,Neil Diamond,1970,Cracklin' Rosie Neil Diamond
Everything Is Beautiful,Ray Stevens,1970,Everything Is Beautiful Ray Stevens
I Think I Love You,The Partridge Family Starring Shirley Jones Featuring David Cassidy,1970,I Think I Love You The Partridge Family Starring Shirley Jones Featuring David Cassidy
I'll Be There,Jackson 5,1970,I'll Be There Jackson 5
Knock Three Times,Dawn,1970,Knock Three Times Dawn
Let It Be,The Beatles,1970,Let It Be The Beatles
Make It With You,Bread,1970,Make It With You Bread
Mama Told Me (Not To Come),Three Dog Night,1970,Mama Told Me (Not To Come) Three Dog Night
The Tears Of A Clown,Smokey Robinson & The Miracles,1970,The Tears Of A Clown Smokey Robinson & The Miracles
War,Edwin Starr,1970,War Edwin Starr
American Pie (Parts I & II),Don McLean,1971,American Pie (Parts I & II) Don McLean
Brand New Key,Melanie,1971,Brand New Key Melanie
"Gypsys, Tramps & Thieves",Cher,1971,"Gypsys, Tramps & Thieves Cher"
How Can You Mend A Broken Heart,Bee Gees,1971,How Can You Mend A Broken Heart Bee Gees
Indian Reservation (The Lament Of The Cherokee Reservation Indian),The Raiders,1971,Indian Reservation (The Lament Of The Cherokee Reservation Indian) The Raiders
It's Too Late/I Feel The Earth Move,Carole King,1971,It's Too Late/I Feel The Earth Move Carole King
Joy To The World,Three Dog Night,1971,Joy To The World Three Dog Night
Just My Imagination (Running Away With Me),The Temptations,1971,Just My Imagination (Running Away With Me) The Temptations
Let's Stay Together,Al Green,1971,Let's Stay Together Al Green
Maggie May/Reason To Believe,Rod Stewart,1971,Maggie May/Reason To Believe Rod Stewart
Me And Bobby McGee,Janis Joplin,1971,Me And Bobby McGee Janis Joplin
One Bad Apple,The Osmonds,1971,One Bad Apple The Osmonds
Want Ads,The Honey Cone,1971,Want Ads The Honey Cone
Without You,Nilsson,1971,Without You Nilsson
Alone Again (Naturally),Gilbert O'Sullivan,1972,Alone Again (Naturally) Gilbert O'Sullivan
Baby Don't Get Hooked On Me,Mac Davis,1972,Baby Don't Get Hooked On Me Mac Davis
Ben,Michael Jackson,1972,Ben Michael Jackson
Brandy (You're A Fine Girl),Looking Glass,1972,Brandy (You're A Fine Girl) Looking Glass
Crocodile Rock,Elton John,1972,Crocodile Rock Elton John
I Am Woman,Helen Reddy,1972,I Am Woman Helen Reddy
I Can See Clearly Now,Johnny Nash,1972,I Can See Clearly Now Johnny Nash
Lean On Me,Bill Withers,1972,Lean On Me Bill Withers
Me And Mrs. Jones,Billy Paul,1972,Me And Mrs. Jones Billy Paul
My Ding-A-Ling,Chuck Berry,1972,My Ding-A-Ling Chuck Berry
Papa Was A Rollin' Stone,The Temptations,1972,Papa Was A Rollin' Stone The Temptations
The Candy Man,"Sammy Davis, Jr. with The Mike Curb Congregation",1972,"The Candy Man Sammy Davis, Jr. with The Mike Curb Congregation"
The First Time Ever I Saw Your Face,Roberta Flack,1972,The First Time Ever I Saw Your Face Roberta Flack
You're So Vain,Carly Simon,1972,You're So Vain Carly Simon
"Bad, Bad Leroy Brown",Jim Croce,1973,"Bad, Bad Leroy Brown Jim Croce"
Delta Dawn,Helen Reddy,1973,Delta Dawn Helen Reddy
Frankenstein,Edgar Winter Group,1973,Frankenstein Edgar Winter Group
Half-Breed,Cher,1973,Half-Breed Cher
Love's Theme,Love Unlimited Orchestra,1973,Love's Theme Love Unlimited Orchestra
Show And Tell,Al Wilson,1973,Show And Tell Al Wilson
The Joker,The Steve Miller Band,1973,The Joker The Steve Miller Band
The Most Beautiful Girl,Charlie Rich,1973,The Most Beautiful Girl Charlie Rich
The Night The Lights Went Out In Georgia,Vicki Lawrence,1973,The Night The Lights Went Out In Georgia Vicki Lawrence
The Way We Were,Barbra Streisand,1973,The Way We Were Barbra Streisand
Tie A Yellow Ribbon Round The Ole Oak Tree,Dawn Featuring Tony Orlando,1973,Tie A Yellow Ribbon Round The Ole Oak Tree Dawn Featuring Tony Orlando
Top Of The World,Carpenters,1973,Top Of The World Carpenters
Touch Me In The Morning,Diana Ross,1973,Touch Me In The Morning Diana Ross
Will It Go Round In Circles,Billy Preston,1973,Will It Go Round In Circles Billy Preston
Bennie And The Jets,Elton John,1974,Bennie And The Jets Elton John
Best Of My Love,Eagles,1974,Best Of My Love Eagles
"Billy, Don't Be A Hero",Bo Donaldson And The Heywoods,1974,"Billy, Don't Be A Hero Bo Donaldson And The Heywoods"
Cat's In The Cradle,Harry Chapin,1974,Cat's In The Cradle Harry Chapin
I Honestly Love You,Olivia Newton-John,1974,I Honestly Love You Olivia Newton-John
Laughter In The Rain,Neil Sedaka,1974,Laughter In The Rain Neil Sedaka
My Eyes Adored You,Frankie Valli,1974,My Eyes Adored You Frankie Valli
Seasons In The Sun,Terry Jacks,1974,Seasons In The Sun Terry Jacks
Sundown,Gordon Lightfoot,1974,Sundown Gordon Lightfoot
Sunshine On My Shoulders,John Denver,1974,Sunshine On My Shoulders John Denver
TSOP (The Sound Of Philadelphia),MFSB Featuring The Three Degrees,1974,TSOP (The Sound Of Philadelphia) MFSB Featuring The Three Degrees
The Loco-Motion,Grand Funk,1974,The Loco-Motion Grand Funk
Then Came You,Dionne Warwicke & Spinners,1974,Then Came You Dionne Warwicke & Spinners
You Haven't Done Nothin,Stevie Wonder,1974,You Haven't Done Nothin Stevie Wonder
Before The Next Teardrop Falls,Freddy Fender,1975,Before The Next Teardrop Falls Freddy Fender
"December, 1963 (Oh, What a Night)",The 4 Seasons,1975,"December, 1963 (Oh, What a Night) The 4 Seasons"
Fame,David Bowie,1975,Fame David Bowie
I Write The Songs,Barry Manilow,1975,I Write The Songs Barry Manilow
Lady Marmalade,Labelle,1975,Lady Marmalade Labelle
Love Machine (Part 1),The Miracles,1975,Love Machine (Part 1) The Miracles
Love Will Keep Us Together,Captain & Tennille,1975,Love Will Keep Us Together Captain & Tennille
Lovin' You,Minnie Riperton,1975,Lovin' You Minnie Riperton
Philadelphia Freedom,The Elton John Band,1975,Philadelphia Freedom The Elton John Band
Rhinestone Cowboy,Glen Campbell,1975,Rhinestone Cowboy Glen Campbell
Shining Star,"Earth, Wind & Fire",1975,"Shining Star Earth, Wind & Fire"
Thank God I'm A Country Boy,John Denver,1975,Thank God I'm A Country Boy John Denver
The Hustle,Van McCoy And The Soul City Symphony,1975,The Hustle Van McCoy And The Soul City Symphony
Theme From S.W.A.T.,Rhythm Heritage,1975,Theme From S.W.A.T. Rhythm Heritage
"(Shake, Shake, Shake) Shake Your Booty",KC And The Sunshine Band,1976,"(Shake, Shake, Shake) Shake Your Booty KC And The Sunshine Band"
A Fifth Of Beethoven,Walter Murphy & The Big Apple Band,1976,A Fifth Of Beethoven Walter Murphy & The Big Apple Band
Boogie Fever,The Sylvers,1976,Boogie Fever The Sylvers
Car Wash,Rose Royce,1976,Car Wash Rose Royce
Dancing Queen,ABBA,1976,Dancing Queen ABBA
Disco Duck (Part I),Rick Dees & His Cast Of Idiots,1976,Disco Duck (Part I) Rick Dees & His Cast Of Idiots
Don't Leave Me This Way,Thelma Houston,1976,Don't Leave Me This Way Thelma Houston
"Evergreen (Love Theme From ""A Star Is Born"")",Barbra Streisand,1976,"Evergreen (Love Theme From ""A Star Is Born"") Barbra Streisand"
If You Leave Me Now,Chicago,1976,If You Leave Me Now Chicago
Kiss And Say Goodbye,The Manhattans,1976,Kiss And Say Goodbye The Manhattans
Play That Funky Music,Wild Cherry,1976,Play That Funky Music Wild Cherry
Tonight's The Night (Gonna Be Alright),Rod Stewart,1976,Tonight's The Night (Gonna Be Alright) Rod Stewart
Torn Between Two Lovers,Mary Macgregor,1976,Torn Between Two Lovers Mary Macgregor
You Don't Have To Be A Star (To Be In My Show),"Marilyn McCoo & Billy Davis, Jr.",1976,"You Don't Have To Be A Star (To Be In My Show) Marilyn McCoo & Billy Davis, Jr."
(Love Is) Thicker Than Water,Andy Gibb,1977,(Love Is) Thicker Than Water Andy Gibb
Baby Come Back,Player,1977,Baby Come Back Player
Best Of My Love,The Emotions,1977,Best Of My Love The Emotions
Da Doo Ron Ron,Shaun Cassidy,1977,Da Doo Ron Ron Shaun Cassidy
Dreams,Fleetwood Mac,1977,Dreams Fleetwood Mac
How Deep Is Your Love,Bee Gees,1977,How Deep Is Your Love Bee Gees
I Just Want To Be Your Everything,Andy Gibb,1977,I Just Want To Be Your Everything Andy Gibb
I'm Your Boogie Man,KC And The Sunshine Band,1977,I'm Your Boogie Man KC And The Sunshine Band
Rich Girl,Daryl Hall John Oates,1977,Rich Girl Daryl Hall John Oates
Southern Nights,Glen Campbell,1977,Southern Nights Glen Campbell
Stayin' Alive,Bee Gees,1977,Stayin' Alive Bee Gees
Undercover Angel,Alan O'Day,1977,Undercover Angel Alan O'Day
When I Need You,Leo Sayer,1977,When I Need You Leo Sayer
You Light Up My Life,Debby Boone,1977,You Light Up My Life Debby Boone
Boogie Oogie Oogie,A Taste Of Honey,1978,Boogie Oogie Oogie A Taste Of Honey
Da Ya Think I'm Sexy?,Rod Stewart,1978,Da Ya Think I'm Sexy? Rod Stewart
Grease,Frankie Valli,1978,Grease Frankie Valli
Hot Child In The City,Nick Gilder,1978,Hot Child In The City Nick Gilder
I Will Survive,Gloria Gaynor,1978,I Will Survive Gloria Gaynor
If I Can't Have You,Yvonne Elliman,1978,If I Can't Have You Yvonne Elliman
Kiss You All Over,Exile,1978,Kiss You All Over Exile
Le Freak,Chic,1978,Le Freak Chic
Miss You,The Rolling Stones,1978,Miss You The Rolling Stones
Night Fever,Bee Gees,1978,Night Fever Bee Gees
Shadow Dancing,Andy Gibb,1978,Shadow Dancing Andy Gibb
Too Much Heaven,Bee Gees,1978,Too Much Heaven Bee Gees
You Needed Me,Anne Murray,1978,You Needed Me Anne Murray
You're The One That I Want,John Travolta & Olivia Newton-John,1978,You're The One That I Want John Travolta & Olivia Newton-John
Crazy Little Thing Called Love,Queen,1979,Crazy Little Thing Called Love Queen
Do That To Me One More Time,Captain & Tennille,1979,Do That To Me One More Time Captain & Tennille
Don't Stop 'til You Get Enough,Michael Jackson,1979,Don't Stop 'til You Get Enough Michael Jackson
Escape (The Pina Colada Song),Rupert Holmes,1979,Escape (The Pina Colada Song) Rupert Holmes
Heart Of Glass,Blondie,1979,Heart Of Glass Blondie
Hot Stuff,Donna Summer,1979,Hot Stuff Donna Summer
My Sharona,The Knack,1979,My Sharona The Knack
Please Don't Go,KC And The Sunshine Band,1979,Please Don't Go KC And The Sunshine Band
Pop Muzik,M,1979,Pop Muzik M
Reunited,Peaches & Herb,1979,Reunited Peaches & Herb
Ring My Bell,Anita Ward,1979,Ring My Bell Anita Ward
Rise,Herb Alpert,1979,Rise Herb Alpert
Rock With You,Michael Jackson,1979,Rock With You Michael Jackson
Sad Eyes,Robert John,1979,Sad Eyes Robert John
(Just Like) Starting Over,John Lennon,1980,(Just Like) Starting Over John Lennon
9 To 5,Dolly Parton,1980,9 To 5 Dolly Parton
Another Brick In The Wall (Part II),Pink Floyd,1980,Another Brick In The Wall (Part II) Pink Floyd
Another One Bites The Dust,Queen,1980,Another One Bites The Dust Queen
Call Me,Blondie,1980,Call Me Blondie
Celebration,Kool & The Gang,1980,Celebration Kool & The Gang
Funkytown,"Lipps, Inc.",1980,"Funkytown Lipps, Inc."
I Love A Rainy Night,Eddie Rabbitt,1980,I Love A Rainy Night Eddie Rabbitt
Keep On Loving You,REO Speedwagon,1980,Keep On Loving You REO Speedwagon
Lady,Kenny Rogers,1980,Lady Kenny Rogers
Magic,Olivia Newton-John,1980,Magic Olivia Newton-John
The Tide Is High,Blondie,1980,The Tide Is High Blondie
Upside Down,Diana Ross,1980,Upside Down Diana Ross
Woman In Love,Barbra Streisand,1980,Woman In Love Barbra Streisand
Arthur's Theme (Best That You Can Do),Christopher Cross,1981,Arthur's Theme (Best That You Can Do) Christopher Cross
Bette Davis Eyes,Kim Carnes,1981,Bette Davis Eyes Kim Carnes
Centerfold,The J. Geils Band,1981,Centerfold The J. Geils Band
Chariots Of Fire - Titles,Vangelis,1981,Chariots Of Fire - Titles Vangelis
Endless Love,Diana Ross & Lionel Richie,1981,Endless Love Diana Ross & Lionel Richie
I Can't Go For That (No Can Do),Daryl Hall John Oates,1981,I Can't Go For That (No Can Do) Daryl Hall John Oates
Jessie's Girl,Rick Springfield,1981,Jessie's Girl Rick Springfield
Kiss On My List,Daryl Hall John Oates,1981,Kiss On My List Daryl Hall John Oates
Medley,Stars On 45,1981,Medley Stars On 45
Morning Train (Nine To Five),Sheena Easton,1981,Morning Train (Nine To Five) Sheena Easton
Physical,Olivia Newton-John,1981,Physical Olivia Newton-John
Private Eyes,Daryl Hall John Oates,1981,Private Eyes Daryl Hall John Oates
Rapture,Blondie,1981,Rapture Blondie
The One That You Love,Air Supply,1981,The One That You Love Air Supply
Abracadabra,The Steve Miller Band,1982,Abracadabra The Steve Miller Band
Africa,Toto,1982,Africa Toto
"Baby, Come To Me",Patti Austin With James Ingram,1982,"Baby, Come To Me Patti Austin With James Ingram"
Don't You Want Me,The Human League,1982,Don't You Want Me The Human League
Down Under,Men At Work,1982,Down Under Men At Work
Ebony And Ivory,Paul McCartney And Stevie Wonder,1982,Ebony And Ivory Paul McCartney And Stevie Wonder
Eye Of The Tiger,Survivor,1982,Eye Of The Tiger Survivor
Hard To Say I'm Sorry,Chicago,1982,Hard To Say I'm Sorry Chicago
I Love Rock 'N Roll,Joan Jett & the Blackhearts,1982,I Love Rock 'N Roll Joan Jett & the Blackhearts
Jack & Diane,John Cougar,1982,Jack & Diane John Cougar
Maneater,Daryl Hall John Oates,1982,Maneater Daryl Hall John Oates
Mickey,Toni Basil,1982,Mickey Toni Basil
Up Where We Belong,Joe Cocker And Jennifer Warnes,1982,Up Where We Belong Joe Cocker And Jennifer Warnes
Who Can It Be Now?,Men At Work,1982,Who Can It Be Now? Men At Work
All Night Long (All Night),Lionel Richie,1983,All Night Long (All Night) Lionel Richie
Beat It,Michael Jackson,1983,Beat It Michael Jackson
Billie Jean,Michael Jackson,1983,Billie Jean Michael Jackson
Come On Eileen,Dexy's Midnight Runners,1983,Come On Eileen Dexy's Midnight Runners
Every Breath You Take,The Police,1983,Every Breath You Take The Police
Flashdance...What A Feeling,Irene Cara,1983,Flashdance...What A Feeling Irene Cara
Islands In The Stream,Kenny Rogers Duet With Dolly Parton,1983,Islands In The Stream Kenny Rogers Duet With Dolly Parton
Karma Chameleon,Culture Club,1983,Karma Chameleon Culture Club
Maniac,Michael Sembello,1983,Maniac Michael Sembello
Owner Of A Lonely Heart,Yes,1983,Owner Of A Lonely Heart Yes
Say Say Say,Paul McCartney And Michael Jackson,1983,Say Say Say Paul McCartney And Michael Jackson
Sweet Dreams (Are Made Of This),Eurythmics,1983,Sweet Dreams (Are Made Of This) Eurythmics
Total Eclipse Of The Heart,Bonnie Tyler,1983,Total Eclipse Of The Heart Bonnie Tyler
When I'm With You,Sheriff,1983,When I'm With You Sheriff
Against All Odds (Take A Look At Me Now),Phil Collins,1984,Against All Odds (Take A Look At Me Now) Phil Collins
Careless Whisper,Wham! Featuring George Michael,1984,Careless Whisper Wham! Featuring George Michael
Caribbean Queen (No More Love On The Run),Billy Ocean,1984,Caribbean Queen (No More Love On The Run) Billy Ocean
Footloose,Kenny Loggins,1984,Footloose Kenny Loggins
Ghostbusters,Ray Parker Jr.,1984,Ghostbusters Ray Parker Jr.
Hello,Lionel Richie,1984,Hello Lionel Richie
I Just Called To Say I Love You,Stevie Wonder,1984,I Just Called To Say I Love You Stevie Wonder
Jump,Van Halen,1984,Jump Van Halen
Missing You,John Waite,1984,Missing You John Waite
Out Of Touch,Daryl Hall John Oates,1984,Out Of Touch Daryl Hall John Oates
Red Red Wine,UB40,1984,Red Red Wine UB40
Wake Me Up Before You Go-Go,Wham!,1984,Wake Me Up Before You Go-Go Wham!
What's Love Got To Do With It,Tina Turner,1984,What's Love Got To Do With It Tina Turner
When Doves Cry,Prince,1984,When Doves Cry Prince
Broken Wings,Mr. Mister,1985,Broken Wings Mr. Mister
Crazy For You,Madonna,1985,Crazy For You Madonna
Don't You (Forget About Me),Simple Minds,1985,Don't You (Forget About Me) Simple Minds
Everybody Wants To Rule The World,Tears For Fears,1985,Everybody Wants To Rule The World Tears For Fears
Everytime You Go Away,Paul Young,1985,Everytime You Go Away Paul Young
How Will I Know,Whitney Houston,1985,How Will I Know Whitney Houston
Miami Vice Theme,Jan Hammer,1985,Miami Vice Theme Jan Hammer
Money For Nothing,Dire Straits,1985,Money For Nothing Dire Straits
Oh Sheila,Ready For The World,1985,Oh Sheila Ready For The World
Saving All My Love For You,Whitney Houston,1985,Saving All My Love For You Whitney Houston
St. Elmo's Fire (Man In Motion),John Parr,1985,St. Elmo's Fire (Man In Motion) John Parr
Take On Me,a-ha,1985,Take On Me a-ha
That's What Friends Are For,Dionne & Friends,1985,That's What Friends Are For Dionne & Friends
We Built This City,Starship,1985,We Built This City Starship
Addicted To Love,Robert Palmer,1986,Addicted To Love Robert Palmer
"Glory Of Love (Theme From ""The Karate Kid Part II"")",Peter Cetera,1986,"Glory Of Love (Theme From ""The Karate Kid Part II"") Peter Cetera"
Higher Love,Steve Winwood,1986,Higher Love Steve Winwood
Holding Back The Years,Simply Red,1986,Holding Back The Years Simply Red
Livin' On A Prayer,Bon Jovi,1986,Livin' On A Prayer Bon Jovi
On My Own,Patti LaBelle & Michael McDonald,1986,On My Own Patti LaBelle & Michael McDonald
Shake You Down,Gregory Abbott,1986,Shake You Down Gregory Abbott
Sledgehammer,Peter Gabriel,1986,Sledgehammer Peter Gabriel
"Take My Breath Away (Love Theme From ""Top Gun"")",Berlin,1986,"Take My Breath Away (Love Theme From ""Top Gun"") Berlin"
The Next Time I Fall,Peter Cetera With Amy Grant,1986,The Next Time I Fall Peter Cetera With Amy Grant
The Way It Is,Bruce Hornsby & The Range,1986,The Way It Is Bruce Hornsby & The Range
There'll Be Sad Songs (To Make You Cry),Billy Ocean,1986,There'll Be Sad Songs (To Make You Cry) Billy Ocean
Walk Like An Egyptian,The Bangles,1986,Walk Like An Egyptian The Bangles
You Give Love A Bad Name,Bon Jovi,1986,You Give Love A Bad Name Bon Jovi
(I've Had) The Time Of My Life,Bill Medley & Jennifer Warnes,1987,(I've Had) The Time Of My Life Bill Medley & Jennifer Warnes
Alone,Heart,1987,Alone Heart
Always,Atlantic Starr,1987,Always Atlantic Starr
Faith,George Michael,1987,Faith George Michael
Got My Mind Set On You,George Harrison,1987,Got My Mind Set On You George Harrison
Heaven Is A Place On Earth,Belinda Carlisle,1987,Heaven Is A Place On Earth Belinda Carlisle
Here I Go Again,Whitesnake,1987,Here I Go Again Whitesnake
I Think We're Alone Now,Tiffany,1987,I Think We're Alone Now Tiffany
La Bamba,Los Lobos,1987,La Bamba Los Lobos
Mony Mony,Billy Idol,1987,Mony Mony Billy Idol
Need You Tonight,INXS,1987,Need You Tonight INXS
Never Gonna Give You Up,Rick Astley,1987,Never Gonna Give You Up Rick Astley
Nothing's Gonna Stop Us Now,Starship,1987,Nothing's Gonna Stop Us Now Starship
You Keep Me Hangin' On,Kim Wilde,1987,You Keep Me Hangin' On Kim Wilde
Anything For You,Gloria Estefan & Miami Sound Machine,1988,Anything For You Gloria Estefan & Miami Sound Machine
"Baby, I Love Your Way/Freebird Medley",Will To Power,1988,"Baby, I Love Your Way/Freebird Medley Will To Power"
"Don't Worry, Be Happy (From ""Cocktail"")",Bobby McFerrin,1988,"Don't Worry, Be Happy (From ""Cocktail"") Bobby McFerrin"
Groovy Kind Of Love,Phil Collins,1988,Groovy Kind Of Love Phil Collins
Hold On To The Nights,Richard Marx,1988,Hold On To The Nights Richard Marx
"Kokomo (From""Cocktail"" )",The Beach Boys,1988,"Kokomo (From""Cocktail"" ) The Beach Boys"
Look Away,Chicago,1988,Look Away Chicago
Love Bites,Def Leppard,1988,Love Bites Def Leppard
My Prerogative,Bobby Brown,1988,My Prerogative Bobby Brown
Straight Up,Paula Abdul,1988,Straight Up Paula Abdul
Sweet Child O' Mine,Guns N' Roses,1988,Sweet Child O' Mine Guns N' Roses
The Flame,Cheap Trick,1988,The Flame Cheap Trick
"Wild, Wild West",The Escape Club,1988,"Wild, Wild West The Escape Club"
Wishing Well,Terence Trent D'Arby,1988,Wishing Well Terence Trent D'Arby
Baby Don't Forget My Number,Milli Vanilli,1989,Baby Don't Forget My Number Milli Vanilli
Blame It On The Rain,Milli Vanilli,1989,Blame It On The Rain Milli Vanilli
Forever Your Girl,Paula Abdul,1989,Forever Your Girl Paula Abdul
Girl I'm Gonna Miss You,Milli Vanilli,1989,Girl I'm Gonna Miss You Milli Vanilli
How Am I Supposed To Live Without You,Michael Bolton,1989,How Am I Supposed To Live Without You Michael Bolton
I'll Be Loving You (Forever),New Kids On The Block,1989,I'll Be Loving You (Forever) New Kids On The Block
I'll Be There For You,Bon Jovi,1989,I'll Be There For You Bon Jovi
If You Don't Know Me By Now,Simply Red,1989,If You Don't Know Me By Now Simply Red
Listen To Your Heart,Roxette,1989,Listen To Your Heart Roxette
Opposites Attract,Paula Abdul (Duet With The Wild Pair),1989,Opposites Attract Paula Abdul (Duet With The Wild Pair)
"Rock On (From ""Dream A Little Dream"")",Michael Damian,1989,"Rock On (From ""Dream A Little Dream"") Michael Damian"
She Drives Me Crazy,Fine Young Cannibals,1989,She Drives Me Crazy Fine Young Cannibals
When I See You Smile,Bad English,1989,When I See You Smile Bad English
"Wind Beneath My Wings (From ""Beaches"")",Bette Midler,1989,"Wind Beneath My Wings (From ""Beaches"") Bette Midler"
(Can't Live Without Your) Love And Affection,Nelson,1990,(Can't Live Without Your) Love And Affection Nelson
All The Man That I Need,Whitney Houston,1990,All The Man That I Need Whitney Houston
Because I Love You (The Postman Song),Stevie B,1990,Because I Love You (The Postman Song) Stevie B
Black Velvet,Alannah Myles,1990,Black Velvet Alannah Myles
Close To You,Maxi Priest,1990,Close To You Maxi Priest
Gonna Make You Sweat (Everybody Dance Now),C+C Music Factory,1990,Gonna Make You Sweat (Everybody Dance Now) C+C Music Factory
Hold On,Wilson Phillips,1990,Hold On Wilson Phillips
I Don't Have The Heart,James Ingram,1990,I Don't Have The Heart James Ingram
"It Must Have Been Love (From ""Pretty Woman"")",Roxette,1990,"It Must Have Been Love (From ""Pretty Woman"") Roxette"
Love Takes Time,Mariah Carey,1990,Love Takes Time Mariah Carey
One More Try,Timmy T.,1990,One More Try Timmy T.
Release Me,Wilson Phillips,1990,Release Me Wilson Phillips
The First Time,Surface,1990,The First Time Surface
Vision Of Love,Mariah Carey,1990,Vision Of Love Mariah Carey
Vogue,Madonna,1990,Vogue Madonna
(Everything I Do) I Do It For You,Bryan Adams,1991,(Everything I Do) I Do It For You Bryan Adams
All 4 Love,Color Me Badd,1991,All 4 Love Color Me Badd
Baby Baby,Amy Grant,1991,Baby Baby Amy Grant
Cream,Prince And The N.P.G.,1991,Cream Prince And The N.P.G.
Emotions,Mariah Carey,1991,Emotions Mariah Carey
Good Vibrations,Marky Mark & The Funky Bunch Featuring Loleatta Holloway,1991,Good Vibrations Marky Mark & The Funky Bunch Featuring Loleatta Holloway
I Adore Mi Amor,Color Me Badd,1991,I Adore Mi Amor Color Me Badd
I Like The Way (The Kissing Game),Hi-Five,1991,I Like The Way (The Kissing Game) Hi-Five
I'm Too Sexy,Right Said Fred,1991,I'm Too Sexy Right Said Fred
More Than Words,Extreme,1991,More Than Words Extreme
Romantic,Karyn White,1991,Romantic Karyn White
Set Adrift On Memory Bliss,P.M. Dawn,1991,Set Adrift On Memory Bliss P.M. Dawn
To Be With You,Mr. Big,1991,To Be With You Mr. Big
Unbelievable,EMF,1991,Unbelievable EMF
When A Man Loves A Woman,Michael Bolton,1991,When A Man Loves A Woman Michael Bolton
A Whole New World (Aladdin's Theme),Peabo Bryson & Regina Belle,1992,A Whole New World (Aladdin's Theme) Peabo Bryson & Regina Belle
Baby Got Back,Sir Mix-A-Lot,1992,Baby Got Back Sir Mix-A-Lot
Baby-Baby-Baby,TLC,1992,Baby-Baby-Baby TLC
"End Of The Road (From ""Boomerang"")",Boyz II Men,1992,"End Of The Road (From ""Boomerang"") Boyz II Men"
How Do You Talk To An Angel,The Heights,1992,How Do You Talk To An Angel The Heights
I Will Always Love You,Whitney Houston,1992,I Will Always Love You Whitney Houston
I'll Be There,Mariah Carey,1992,I'll Be There Mariah Carey
If I Ever Fall In Love,Shai,1992,If I Ever Fall In Love Shai
Jump,Kris Kross,1992,Jump Kris Kross
My Lovin' (You're Never Gonna Get It),En Vogue,1992,My Lovin' (You're Never Gonna Get It) En Vogue
Rump Shaker,Wreckx-N-Effect,1992,Rump Shaker Wreckx-N-Effect
Save The Best For Last,Vanessa Williams,1992,Save The Best For Last Vanessa Williams
Tears In Heaven,Eric Clapton,1992,Tears In Heaven Eric Clapton
This Used To Be My Playground,Madonna,1992,This Used To Be My Playground Madonna
Under The Bridge,Red Hot Chili Peppers,1992,Under The Bridge Red Hot Chili Peppers
Again,Janet Jackson,1993,Again Janet Jackson
All For Love,Bryan Adams/Rod Stewart/Sting,1993,All For Love Bryan Adams/Rod Stewart/Sting
All That She Wants,Ace Of Base,1993,All That She Wants Ace Of Base
"Can't Help Falling In Love (From ""Sliver"")",UB40,1993,"Can't Help Falling In Love (From ""Sliver"") UB40"
Dreamlover,Mariah Carey,1993,Dreamlover Mariah Carey
Freak Me,Silk,1993,Freak Me Silk
Hero,Mariah Carey,1993,Hero Mariah Carey
I'd Do Anything For Love (But I Won't Do That),Meat Loaf,1993,I'd Do Anything For Love (But I Won't Do That) Meat Loaf
Informer,Snow,1993,Informer Snow
"Nuthin' But A ""G"" Thang",Dr. Dre,1993,"Nuthin' But A ""G"" Thang Dr. Dre"
Right Here (Human Nature)/Downtown,SWV,1993,Right Here (Human Nature)/Downtown SWV
That's The Way Love Goes,Janet Jackson,1993,That's The Way Love Goes Janet Jackson
The Power Of Love,Celine Dion,1993,The Power Of Love Celine Dion
Weak,SWV,1993,Weak SWV
Whoomp! (There It Is),Tag Team,1993,Whoomp! (There It Is) Tag Team
All I Wanna Do,Sheryl Crow,1994,All I Wanna Do Sheryl Crow
Another Night,Real McCoy,1994,Another Night Real McCoy
"Any Time, Any Place/And On And On",Janet Jackson,1994,"Any Time, Any Place/And On And On Janet Jackson"
Bump N' Grind,R. Kelly,1994,Bump N' Grind R. Kelly
Creep,TLC,1994,Creep TLC
Endless Love,Luther Vandross & Mariah Carey,1994,Endless Love Luther Vandross & Mariah Carey
"Here Comes The Hotstepper (From ""Ready To Wear"")",Ini Kamoze,1994,"Here Comes The Hotstepper (From ""Ready To Wear"") Ini Kamoze"
I Swear,All-4-One,1994,I Swear All-4-One
I'll Make Love To You,Boyz II Men,1994,I'll Make Love To You Boyz II Men
"I'll Remember (From ""With Honors"")",Madonna,1994,"I'll Remember (From ""With Honors"") Madonna"
On Bended Knee,Boyz II Men,1994,On Bended Knee Boyz II Men
"Regulate (From ""Above The Rim"")",Warren G & Nate Dogg,1994,"Regulate (From ""Above The Rim"") Warren G & Nate Dogg"
"Stay (I Missed You) (From ""Reality Bites"")",Lisa Loeb & Nine Stories,1994,"Stay (I Missed You) (From ""Reality Bites"") Lisa Loeb & Nine Stories"
Take A Bow,Madonna,1994,Take A Bow Madonna
The Sign,Ace Of Base,1994,The Sign Ace Of Base
Don't Take It Personal (Just One Of Dem Days),Monica,1995,Don't Take It Personal (Just One Of Dem Days) Monica
"Exhale (Shoop Shoop) (From ""Waiting To Exhale"")",Whitney Houston,1995,"Exhale (Shoop Shoop) (From ""Waiting To Exhale"") Whitney Houston"
Fantasy,Mariah Carey,1995,Fantasy Mariah Carey
Freak Like Me,Adina Howard,1995,Freak Like Me Adina Howard
"Gangsta's Paradise (From ""Dangerous Minds"")",Coolio Featuring L.V.,1995,"Gangsta's Paradise (From ""Dangerous Minds"") Coolio Featuring L.V."
Have You Ever Really Loved A Woman?,Bryan Adams,1995,Have You Ever Really Loved A Woman? Bryan Adams
Kiss From A Rose,Seal,1995,Kiss From A Rose Seal
Macarena (Bayside Boys Mix),Los Del Rio,1995,Macarena (Bayside Boys Mix) Los Del Rio
Missing,Everything But The Girl,1995,Missing Everything But The Girl
Nobody Knows,The Tony Rich Project,1995,Nobody Knows The Tony Rich Project
One Sweet Day,Mariah Carey & Boyz II Men,1995,One Sweet Day Mariah Carey & Boyz II Men
"Sittin' Up In My Room (From ""Waiting To Exhale"")",Brandy,1995,"Sittin' Up In My Room (From ""Waiting To Exhale"") Brandy"
This Is How We Do It,Montell Jordan,1995,This Is How We Do It Montell Jordan
Waterfalls,TLC,1995,Waterfalls TLC
You Are Not Alone,Michael Jackson,1995,You Are Not Alone Michael Jackson
Always Be My Baby,Mariah Carey,1996,Always Be My Baby Mariah Carey
"Because You Loved Me (From ""Up Close & Personal"")",Celine Dion,1996,"Because You Loved Me (From ""Up Close & Personal"") Celine Dion"
C'mon N' Ride It (The Train),Quad City DJ's,1996,C'mon N' Ride It (The Train) Quad City DJ's
Don't Let Go (Love),En Vogue,1996,Don't Let Go (Love) En Vogue
Foolish Games/You Were Meant For Me,Jewel,1996,Foolish Games/You Were Meant For Me Jewel
How Do U Want It/California Love,2Pac Featuring K-Ci And JoJo,1996,How Do U Want It/California Love 2Pac Featuring K-Ci And JoJo
"I Believe I Can Fly (From ""Space Jam"")",R. Kelly,1996,"I Believe I Can Fly (From ""Space Jam"") R. Kelly"
I Love You Always Forever,Donna Lewis,1996,I Love You Always Forever Donna Lewis
It's All Coming Back To Me Now,Celine Dion,1996,It's All Coming Back To Me Now Celine Dion
No Diggity,BLACKstreet (Featuring Dr. Dre),1996,No Diggity BLACKstreet (Featuring Dr. Dre)
"Not Gon' Cry (From ""Waiting To Exhale"")",Mary J. Blige,1996,"Not Gon' Cry (From ""Waiting To Exhale"") Mary J. Blige"
Tha Crossroads,Bone Thugs-N-Harmony,1996,Tha Crossroads Bone Thugs-N-Harmony
Twisted,Keith Sweat,1996,Twisted Keith Sweat
Un-Break My Heart,Toni Braxton,1996,Un-Break My Heart Toni Braxton
You're Makin' Me High/Let It Flow,Toni Braxton,1996,You're Makin' Me High/Let It Flow Toni Braxton
4 Seasons Of Loneliness,Boyz II Men,1997,4 Seasons Of Loneliness Boyz II Men
Can't Nobody Hold Me Down,Puff Daddy (Featuring Mase),1997,Can't Nobody Hold Me Down Puff Daddy (Featuring Mase)
Candle In The Wind 1997/Something About The Way You Look Tonight,Elton John,1997,Candle In The Wind 1997/Something About The Way You Look Tonight Elton John
Honey,Mariah Carey,1997,Honey Mariah Carey
How Do I Live,LeAnn Rimes,1997,How Do I Live LeAnn Rimes
Hypnotize,The Notorious B.I.G.,1997,Hypnotize The Notorious B.I.G.
I'll Be Missing You,Puff Daddy & Faith Evans Featuring 112,1997,I'll Be Missing You Puff Daddy & Faith Evans Featuring 112
MMMBop,Hanson,1997,MMMBop Hanson
Mo Money Mo Problems,The Notorious B.I.G. Featuring Puff Daddy & Mase,1997,Mo Money Mo Problems The Notorious B.I.G. Featuring Puff Daddy & Mase
Quit Playing Games (With My Heart),Backstreet Boys,1997,Quit Playing Games (With My Heart) Backstreet Boys
Return Of The Mack,Mark Morrison,1997,Return Of The Mack Mark Morrison
Together Again,Janet,1997,Together Again Janet
Truly Madly Deeply,Savage Garden,1997,Truly Madly Deeply Savage Garden
Wannabe,Spice Girls,1997,Wannabe Spice Girls
You Make Me Wanna...,Usher,1997,You Make Me Wanna... Usher
...Baby One More Time,Britney Spears,1998,...Baby One More Time Britney Spears
All My Life,K-Ci & JoJo,1998,All My Life K-Ci & JoJo
Angel Of Mine,Monica,1998,Angel Of Mine Monica
Believe,Cher,1998,Believe Cher
Doo Wop (That Thing),Lauryn Hill,1998,Doo Wop (That Thing) Lauryn Hill
Gettin' Jiggy Wit It,Will Smith,1998,Gettin' Jiggy Wit It Will Smith
Have You Ever?,Brandy,1998,Have You Ever? Brandy
I Don't Want To Miss A Thing,Aerosmith,1998,I Don't Want To Miss A Thing Aerosmith
Lately,Divine,1998,Lately Divine
My All,Mariah Carey,1998,My All Mariah Carey
My Heart Will Go On,Celine Dion,1998,My Heart Will Go On Celine Dion
Nice & Slow,Usher,1998,Nice & Slow Usher
The Boy Is Mine,Brandy & Monica,1998,The Boy Is Mine Brandy & Monica
The First Night,Monica,1998,The First Night Monica
Too Close,Next,1998,Too Close Next
Amazed,Lonestar,1999,Amazed Lonestar
Bailamos,Enrique Iglesias,1999,Bailamos Enrique Iglesias
"Bills, Bills, Bills",Destiny's Child,1999,"Bills, Bills, Bills Destiny's Child"
Genie In A Bottle,Christina Aguilera,1999,Genie In A Bottle Christina Aguilera
Heartbreaker,Mariah Carey Featuring Jay-Z,1999,Heartbreaker Mariah Carey Featuring Jay-Z
I Knew I Loved You,Savage Garden,1999,I Knew I Loved You Savage Garden
If You Had My Love,Jennifer Lopez,1999,If You Had My Love Jennifer Lopez
Livin' La Vida Loca,Ricky Martin,1999,Livin' La Vida Loca Ricky Martin
No Scrubs,TLC,1999,No Scrubs TLC
Say My Name,Destiny's Child,1999,Say My Name Destiny's Child
Smooth,Santana Featuring Rob Thomas,1999,Smooth Santana Featuring Rob Thomas
Thank God I Found You,Mariah Carey Featuring Joe & 98 Degrees,1999,Thank God I Found You Mariah Carey Featuring Joe & 98 Degrees
Unpretty,TLC,1999,Unpretty TLC
What A Girl Wants,Christina Aguilera,1999,What A Girl Wants Christina Aguilera
Wild Wild West,Will Smith Featuring Dru Hill & Kool Mo Dee,1999,Wild Wild West Will Smith Featuring Dru Hill & Kool Mo Dee
All I Want For Christmas Is You,Mariah Carey,2000,All I Want For Christmas Is You Mariah Carey
Angel,Shaggy Featuring Rayvon,2000,Angel Shaggy Featuring Rayvon
Bent,matchbox twenty,2000,Bent matchbox twenty
Come On Over Baby (All I Want Is You),Christina Aguilera,2000,Come On Over Baby (All I Want Is You) Christina Aguilera
Doesn't Really Matter,Janet,2000,Doesn't Really Matter Janet
Everything You Want,Vertical Horizon,2000,Everything You Want Vertical Horizon
Incomplete,Sisqo,2000,Incomplete Sisqo
Independent Women Part I,Destiny's Child,2000,Independent Women Part I Destiny's Child
It Wasn't Me,"Shaggy Featuring Ricardo ""RikRok"" Ducent",2000,"It Wasn't Me Shaggy Featuring Ricardo ""RikRok"" Ducent"
It's Gonna Be Me,'N Sync,2000,It's Gonna Be Me 'N Sync
Maria Maria,Santana Featuring The Product G&B,2000,Maria Maria Santana Featuring The Product G&B
Ms. Jackson,OutKast,2000,Ms. Jackson OutKast
Music,Madonna,2000,Music Madonna
Try Again,Aaliyah,2000,Try Again Aaliyah
With Arms Wide Open,Creed,2000,With Arms Wide Open Creed
Ain't It Funny,Jennifer Lopez Featuring Ja Rule,2001,Ain't It Funny Jennifer Lopez Featuring Ja Rule
All For You,Janet,2001,All For You Janet
Always On Time,Ja Rule Featuring Ashanti,2001,Always On Time Ja Rule Featuring Ashanti
Bootylicious,Destiny's Child,2001,Bootylicious Destiny's Child
Butterfly,Crazy Town,2001,Butterfly Crazy Town
Fallin',Alicia Keys,2001,Fallin' Alicia Keys
Family Affair,Mary J. Blige,2001,Family Affair Mary J. Blige
Hanging By A Moment,Lifehouse,2001,Hanging By A Moment Lifehouse
How You Remind Me,Nickelback,2001,How You Remind Me Nickelback
I'm Real,Jennifer Lopez Featuring Ja Rule,2001,I'm Real Jennifer Lopez Featuring Ja Rule
In The End,Linkin Park,2001,In The End Linkin Park
Lady Marmalade,"Christina Aguilera, Lil' Kim, Mya & P!nk",2001,"Lady Marmalade Christina Aguilera, Lil' Kim, Mya & P!nk"
Stutter,Joe Featuring Mystikal,2001,Stutter Joe Featuring Mystikal
U Got It Bad,Usher,2001,U Got It Bad Usher
U Remind Me,Usher,2001,U Remind Me Usher
A Moment Like This,Kelly Clarkson,2002,A Moment Like This Kelly Clarkson
All I Have,Jennifer Lopez Featuring LL Cool J,2002,All I Have Jennifer Lopez Featuring LL Cool J
Beautiful,Christina Aguilera,2002,Beautiful Christina Aguilera
"Bump, Bump, Bump",B2K & P. Diddy,2002,"Bump, Bump, Bump B2K & P. Diddy"
Complicated,Avril Lavigne,2002,Complicated Avril Lavigne
Dilemma,Nelly Featuring Kelly Rowland,2002,Dilemma Nelly Featuring Kelly Rowland
Foolish,Ashanti,2002,Foolish Ashanti
Gangsta Lovin',Eve Featuring Alicia Keys,2002,Gangsta Lovin' Eve Featuring Alicia Keys
Hot In Herre,Nelly,2002,Hot In Herre Nelly
I Need A Girl (Part One),P. Diddy Featuring Usher & Loon,2002,I Need A Girl (Part One) P. Diddy Featuring Usher & Loon
Ignition,R. Kelly,2002,Ignition R. Kelly
Lose Yourself,Eminem,2002,Lose Yourself Eminem
What's Luv?,Fat Joe Featuring Ashanti,2002,What's Luv? Fat Joe Featuring Ashanti
Without Me,Eminem,2002,Without Me Eminem
Work It,"Missy ""Misdemeanor"" Elliott",2002,"Work It Missy ""Misdemeanor"" Elliott"
21 Questions,50 Cent Featuring Nate Dogg,2003,21 Questions 50 Cent Featuring Nate Dogg
Baby Boy,Beyonce Featuring Sean Paul,2003,Baby Boy Beyonce Featuring Sean Paul
Crazy In Love,Beyonce Featuring Jay Z,2003,Crazy In Love Beyonce Featuring Jay Z
Get Busy,Sean Paul,2003,Get Busy Sean Paul
Get Low,Lil Jon & The East Side Boyz Featuring Ying Yang Twins,2003,Get Low Lil Jon & The East Side Boyz Featuring Ying Yang Twins
Hey Ya!,OutKast,2003,Hey Ya! OutKast
In Da Club,50 Cent,2003,In Da Club 50 Cent
Magic Stick,Lil' Kim Featuring 50 Cent,2003,Magic Stick Lil' Kim Featuring 50 Cent
Right Thurr,Chingy,2003,Right Thurr Chingy
Rock Wit U (Awww Baby),Ashanti,2003,Rock Wit U (Awww Baby) Ashanti
Shake Ya Tailfeather,"Nelly, P. Diddy & Murphy Lee",2003,"Shake Ya Tailfeather Nelly, P. Diddy & Murphy Lee"
Slow Jamz,Twista Featuring Kanye West & Jamie Foxx,2003,Slow Jamz Twista Featuring Kanye West & Jamie Foxx
Stand Up,Ludacris Featuring Shawnna,2003,Stand Up Ludacris Featuring Shawnna
The Way You Move,OutKast Featuring Sleepy Brown,2003,The Way You Move OutKast Featuring Sleepy Brown
This Is The Night,Clay Aiken,2003,This Is The Night Clay Aiken
"1, 2 Step",Ciara Featuring Missy Elliott,2004,"1, 2 Step Ciara Featuring Missy Elliott"
Boulevard Of Broken Dreams,Green Day,2004,Boulevard Of Broken Dreams Green Day
Burn,Usher,2004,Burn Usher
Confessions Part II,Usher,2004,Confessions Part II Usher
Drop It Like It's Hot,Snoop Dogg Featuring Pharrell,2004,Drop It Like It's Hot Snoop Dogg Featuring Pharrell
Goodies,Ciara Featuring Petey Pablo,2004,Goodies Ciara Featuring Petey Pablo
I Believe,Fantasia,2004,I Believe Fantasia
Lean Back,Terror Squad,2004,Lean Back Terror Squad
Let Me Love You,Mario,2004,Let Me Love You Mario
My Boo,Usher And Alicia Keys,2004,My Boo Usher And Alicia Keys
Since U Been Gone,Kelly Clarkson,2004,Since U Been Gone Kelly Clarkson
Slow Motion,Juvenile Featuring Soulja Slim,2004,Slow Motion Juvenile Featuring Soulja Slim
The Reason,Hoobastank,2004,The Reason Hoobastank
Tipsy,J-Kwon,2004,Tipsy J-Kwon
Yeah!,Usher Featuring Lil Jon & Ludacris,2004,Yeah! Usher Featuring Lil Jon & Ludacris
Candy Shop,50 Cent Featuring Olivia,2005,Candy Shop 50 Cent Featuring Olivia
Check On It,Beyonce Featuring Slim Thug,2005,Check On It Beyonce Featuring Slim Thug
Don't Cha,The Pussycat Dolls Featuring Busta Rhymes,2005,Don't Cha The Pussycat Dolls Featuring Busta Rhymes
Don't Forget About Us,Mariah Carey,2005,Don't Forget About Us Mariah Carey
Gold Digger,Kanye West Featuring Jamie Foxx,2005,Gold Digger Kanye West Featuring Jamie Foxx
Grillz,"Nelly Featuring Paul Wall, Ali & Gipp",2005,"Grillz Nelly Featuring Paul Wall, Ali & Gipp"
Hollaback Girl,Gwen Stefani,2005,Hollaback Girl Gwen Stefani
Inside Your Heaven,Carrie Underwood,2005,Inside Your Heaven Carrie Underwood
Laffy Taffy,D4L,2005,Laffy Taffy D4L
Photograph,Nickelback,2005,Photograph Nickelback
Pon de Replay,Rihanna,2005,Pon de Replay Rihanna
Run It!,Chris Brown,2005,Run It! Chris Brown
So Sick,Ne-Yo,2005,So Sick Ne-Yo
We Belong Together,Mariah Carey,2005,We Belong Together Mariah Carey
You're Beautiful,James Blunt,2005,You're Beautiful James Blunt
Bad Day,Daniel Powter,2006,Bad Day Daniel Powter
Do I Make You Proud,Taylor Hicks,2006,Do I Make You Proud Taylor Hicks
Hips Don't Lie,Shakira Featuring Wyclef Jean,2006,Hips Don't Lie Shakira Featuring Wyclef Jean
I Wanna Love You,Akon Featuring Snoop Dogg,2006,I Wanna Love You Akon Featuring Snoop Dogg
Irreplaceable,Beyonce,2006,Irreplaceable Beyonce
London Bridge,Fergie,2006,London Bridge Fergie
Money Maker,Ludacris Featuring Pharrell,2006,Money Maker Ludacris Featuring Pharrell
My Love,Justin Timberlake Featuring T.I.,2006,My Love Justin Timberlake Featuring T.I.
Promiscuous,Nelly Furtado Featuring Timbaland,2006,Promiscuous Nelly Furtado Featuring Timbaland
Ridin',Chamillionaire Featuring Krayzie Bone,2006,Ridin' Chamillionaire Featuring Krayzie Bone
SOS,Rihanna,2006,SOS Rihanna
Say It Right,Nelly Furtado,2006,Say It Right Nelly Furtado
SexyBack,Justin Timberlake,2006,SexyBack Justin Timberlake
Temperature,Sean Paul,2006,Temperature Sean Paul
What Goes Around...Comes Around,Justin Timberlake,2006,What Goes Around...Comes Around Justin Timberlake
Big Girls Don't Cry,Fergie,2007,Big Girls Don't Cry Fergie
Buy U A Drank (Shawty Snappin'),T-Pain Featuring Yung Joc,2007,Buy U A Drank (Shawty Snappin') T-Pain Featuring Yung Joc
Crank That (Soulja Boy),Soulja Boy Tell'em,2007,Crank That (Soulja Boy) Soulja Boy Tell'em
Don't Matter,Akon,2007,Don't Matter Akon
Girlfriend,Avril Lavigne,2007,Girlfriend Avril Lavigne
Give It To Me,Timbaland Featuring Nelly Furtado & Justin Timberlake,2007,Give It To Me Timbaland Featuring Nelly Furtado & Justin Timberlake
Glamorous,Fergie Featuring Ludacris,2007,Glamorous Fergie Featuring Ludacris
Hey There Delilah,Plain White T's,2007,Hey There Delilah Plain White T's
Kiss Kiss,Chris Brown Featuring T-Pain,2007,Kiss Kiss Chris Brown Featuring T-Pain
Low,Flo Rida Featuring T-Pain,2007,Low Flo Rida Featuring T-Pain
Makes Me Wonder,Maroon 5,2007,Makes Me Wonder Maroon 5
No One,Alicia Keys,2007,No One Alicia Keys
Stronger,Kanye West,2007,Stronger Kanye West
This Is Why I'm Hot,Mims,2007,This Is Why I'm Hot Mims
Umbrella,Rihanna Featuring Jay-Z,2007,Umbrella Rihanna Featuring Jay-Z
Bleeding Love,Leona Lewis,2008,Bleeding Love Leona Lewis
Disturbia,Rihanna,2008,Disturbia Rihanna
I Kissed A Girl,Katy Perry,2008,I Kissed A Girl Katy Perry
Just Dance,Lady Gaga Featuring Colby O'Donis,2008,Just Dance Lady Gaga Featuring Colby O'Donis
Live Your Life,T.I. Featuring Rihanna,2008,Live Your Life T.I. Featuring Rihanna
Lollipop,Lil Wayne Featuring Static Major,2008,Lollipop Lil Wayne Featuring Static Major
Love In This Club,Usher Featuring Young Jeezy,2008,Love In This Club Usher Featuring Young Jeezy
Single Ladies (Put A Ring On It),Beyonce,2008,Single Ladies (Put A Ring On It) Beyonce
So What,P!nk,2008,So What P!nk
Take A Bow,Rihanna,2008,Take A Bow Rihanna
Touch My Body,Mariah Carey,2008,Touch My Body Mariah Carey
Viva La Vida,Coldplay,2008,Viva La Vida Coldplay
Whatever You Like,T.I.,2008,Whatever You Like T.I.
Womanizer,Britney Spears,2008,Womanizer Britney Spears
You Belong With Me,Taylor Swift,2008,You Belong With Me Taylor Swift
3,Britney Spears,2009,3 Britney Spears
Boom Boom Pow,The Black Eyed Peas,2009,Boom Boom Pow The Black Eyed Peas
Crack A Bottle,"Eminem, Dr. Dre & 50 Cent",2009,"Crack A Bottle Eminem, Dr. Dre & 50 Cent"
Down,Jay Sean Featuring Lil Wayne,2009,Down Jay Sean Featuring Lil Wayne
Empire State Of Mind,Jay-Z + Alicia Keys,2009,Empire State Of Mind Jay-Z + Alicia Keys
Fireflies,Owl City,2009,Fireflies Owl City
I Gotta Feeling,The Black Eyed Peas,2009,I Gotta Feeling The Black Eyed Peas
I Know You Want Me (Calle Ocho),Pitbull,2009,I Know You Want Me (Calle Ocho) Pitbull
Imma Be,The Black Eyed Peas,2009,Imma Be The Black Eyed Peas
My Life Would Suck Without You,Kelly Clarkson,2009,My Life Would Suck Without You Kelly Clarkson
Need You Now,Lady Antebellum,2009,Need You Now Lady Antebellum
Poker Face,Lady Gaga,2009,Poker Face Lady Gaga
Right Round,Flo Rida,2009,Right Round Flo Rida
TiK ToK,Ke$ha,2009,TiK ToK Ke$ha
Whatcha Say,Jason Derulo,2009,Whatcha Say Jason Derulo
Break Your Heart,Taio Cruz Featuring Ludacris,2010,Break Your Heart Taio Cruz Featuring Ludacris
California Gurls,Katy Perry Featuring Snoop Dogg,2010,California Gurls Katy Perry Featuring Snoop Dogg
E.T.,Katy Perry Featuring Kanye West,2010,E.T. Katy Perry Featuring Kanye West
Firework,Katy Perry,2010,Firework Katy Perry
Grenade,Bruno Mars,2010,Grenade Bruno Mars
Just The Way You Are,Bruno Mars,2010,Just The Way You Are Bruno Mars
Like A G6,Far*East Movement Featuring Cataracs & Dev,2010,Like A G6 Far*East Movement Featuring Cataracs & Dev
Love The Way You Lie,Eminem Featuring Rihanna,2010,Love The Way You Lie Eminem Featuring Rihanna
Not Afraid,Eminem,2010,Not Afraid Eminem
Nothin' On You,B.o.B Featuring Bruno Mars,2010,Nothin' On You B.o.B Featuring Bruno Mars
OMG,Usher Featuring will.i.am,2010,OMG Usher Featuring will.i.am
Only Girl (In The World),Rihanna,2010,Only Girl (In The World) Rihanna
Raise Your Glass,P!nk,2010,Raise Your Glass P!nk
Rolling In The Deep,Adele,2010,Rolling In The Deep Adele
S&M,Rihanna Featuring Britney Spears,2010,S&M Rihanna Featuring Britney Spears
Teenage Dream,Katy Perry,2010,Teenage Dream Katy Perry
Born This Way,Lady Gaga,2011,Born This Way Lady Gaga
F**kin' Perfect,P!nk,2011,F**kin' Perfect P!nk
Give Me Everything,"Pitbull Featuring Ne-Yo, Afrojack & Nayer",2011,"Give Me Everything Pitbull Featuring Ne-Yo, Afrojack & Nayer"
Good Feeling,Flo Rida,2011,Good Feeling Flo Rida
Hold It Against Me,Britney Spears,2011,Hold It Against Me Britney Spears
Lights,Ellie Goulding,2011,Lights Ellie Goulding
Moves Like Jagger,Maroon 5 Featuring Christina Aguilera,2011,Moves Like Jagger Maroon 5 Featuring Christina Aguilera
Party Rock Anthem,LMFAO Featuring Lauren Bennett & GoonRock,2011,Party Rock Anthem LMFAO Featuring Lauren Bennett & GoonRock
Pumped Up Kicks,Foster The People,2011,Pumped Up Kicks Foster The People
Set Fire To The Rain,Adele,2011,Set Fire To The Rain Adele
Sexy And I Know It,LMFAO,2011,Sexy And I Know It LMFAO
Someone Like You,Adele,2011,Someone Like You Adele
Stronger (What Doesn't Kill You),Kelly Clarkson,2011,Stronger (What Doesn't Kill You) Kelly Clarkson
Super Bass,Nicki Minaj,2011,Super Bass Nicki Minaj
We Are Young,fun. Featuring Janelle Monae,2011,We Are Young fun. Featuring Janelle Monae
We Found Love,Rihanna Featuring Calvin Harris,2011,We Found Love Rihanna Featuring Calvin Harris
Boyfriend,Justin Bieber,2012,Boyfriend Justin Bieber
Call Me Maybe,Carly Rae Jepsen,2012,Call Me Maybe Carly Rae Jepsen
Diamonds,Rihanna,2012,Diamonds Rihanna
Die Young,Ke$ha,2012,Die Young Ke$ha
Gangnam Style,PSY,2012,Gangnam Style PSY
I Knew You Were Trouble.,Taylor Swift,2012,I Knew You Were Trouble. Taylor Swift
Locked Out Of Heaven,Bruno Mars,2012,Locked Out Of Heaven Bruno Mars
One More Night,Maroon 5,2012,One More Night Maroon 5
Part Of Me,Katy Perry,2012,Part Of Me Katy Perry
Payphone,Maroon 5 Featuring Wiz Khalifa,2012,Payphone Maroon 5 Featuring Wiz Khalifa
Somebody That I Used To Know,Gotye Featuring Kimbra,2012,Somebody That I Used To Know Gotye Featuring Kimbra
Thrift Shop,Macklemore & Ryan Lewis Featuring Wanz,2012,Thrift Shop Macklemore & Ryan Lewis Featuring Wanz
We Are Never Ever Getting Back Together,Taylor Swift,2012,We Are Never Ever Getting Back Together Taylor Swift
When I Was Your Man,Bruno Mars,2012,When I Was Your Man Bruno Mars
Whistle,Flo Rida,2012,Whistle Flo Rida
Wide Awake,Katy Perry,2012,Wide Awake Katy Perry
All Of Me,John Legend,2013,All Of Me John Legend
Best Song Ever,One Direction,2013,Best Song Ever One Direction
Blurred Lines,Robin Thicke Featuring T.I. + Pharrell,2013,Blurred Lines Robin Thicke Featuring T.I. + Pharrell
Can't Hold Us,Macklemore & Ryan Lewis Featuring Ray Dalton,2013,Can't Hold Us Macklemore & Ryan Lewis Featuring Ray Dalton
Counting Stars,OneRepublic,2013,Counting Stars OneRepublic
Dark Horse,Katy Perry Featuring Juicy J,2013,Dark Horse Katy Perry Featuring Juicy J
Get Lucky,Daft Punk Featuring Pharrell Williams,2013,Get Lucky Daft Punk Featuring Pharrell Williams
Harlem Shake,Baauer,2013,Harlem Shake Baauer
Just Give Me A Reason,P!nk Featuring Nate Ruess,2013,Just Give Me A Reason P!nk Featuring Nate Ruess
Mirrors,Justin Timberlake,2013,Mirrors Justin Timberlake
Roar,Katy Perry,2013,Roar Katy Perry
Royals,Lorde,2013,Royals Lorde
The Monster,Eminem Featuring Rihanna,2013,The Monster Eminem Featuring Rihanna
Timber,Pitbull Featuring Ke$ha,2013,Timber Pitbull Featuring Ke$ha
We Can't Stop,Miley Cyrus,2013,We Can't Stop Miley Cyrus
Wrecking Ball,Miley Cyrus,2013,Wrecking Ball Miley Cyrus
All About That Bass,Meghan Trainor,2014,All About That Bass Meghan Trainor
Anaconda,Nicki Minaj,2014,Anaconda Nicki Minaj
Bad Blood,Taylor Swift Featuring Kendrick Lamar,2014,Bad Blood Taylor Swift Featuring Kendrick Lamar
Blank Space,Taylor Swift,2014,Blank Space Taylor Swift
Drunk In Love,Beyonce Featuring Jay Z,2014,Drunk In Love Beyonce Featuring Jay Z
Fancy,Iggy Azalea Featuring Charli XCX,2014,Fancy Iggy Azalea Featuring Charli XCX
Habits (Stay High),Tove Lo,2014,Habits (Stay High) Tove Lo
Happy,Pharrell Williams,2014,Happy Pharrell Williams
Problem,Ariana Grande Featuring Iggy Azalea,2014,Problem Ariana Grande Featuring Iggy Azalea
Rude,MAGIC!,2014,Rude MAGIC!
Shake It Off,Taylor Swift,2014,Shake It Off Taylor Swift
Stay With Me,Sam Smith,2014,Stay With Me Sam Smith
Take Me To Church,Hozier,2014,Take Me To Church Hozier
Talk Dirty,Jason Derulo Featuring 2 Chainz,2014,Talk Dirty Jason Derulo Featuring 2 Chainz
Thinking Out Loud,Ed Sheeran,2014,Thinking Out Loud Ed Sheeran
Uptown Funk!,Mark Ronson Featuring Bruno Mars,2014,Uptown Funk! Mark Ronson Featuring Bruno Mars
Can't Feel My Face,The Weeknd,2015,Can't Feel My Face The Weeknd
Cheerleader,OMI,2015,Cheerleader OMI
Drag Me Down,One Direction,2015,Drag Me Down One Direction
Earned It (Fifty Shades Of Grey),The Weeknd,2015,Earned It (Fifty Shades Of Grey) The Weeknd
Hello,Adele,2015,Hello Adele
Hotline Bling,Drake,2015,Hotline Bling Drake
Love Me Like You Do,Ellie Goulding,2015,Love Me Like You Do Ellie Goulding
Love Yourself,Justin Bieber,2015,Love Yourself Justin Bieber
See You Again,Wiz Khalifa Featuring Charlie Puth,2015,See You Again Wiz Khalifa Featuring Charlie Puth
Sorry,Justin Bieber,2015,Sorry Justin Bieber
Stressed Out,twenty one pilots,2015,Stressed Out twenty one pilots
Sugar,Maroon 5,2015,Sugar Maroon 5
The Hills,The Weeknd,2015,The Hills The Weeknd
Trap Queen,Fetty Wap,2015,Trap Queen Fetty Wap
Watch Me,Silento,2015,Watch Me Silento
What Do You Mean?,Justin Bieber,2015,What Do You Mean? Justin Bieber
7 Years,Lukas Graham,2016,7 Years Lukas Graham
Bad And Boujee,Migos Featuring Lil Uzi Vert,2016,Bad And Boujee Migos Featuring Lil Uzi Vert
Black Beatles,Rae Sremmurd Featuring Gucci Mane,2016,Black Beatles Rae Sremmurd Featuring Gucci Mane
Can't Stop The Feeling!,Justin Timberlake,2016,Can't Stop The Feeling! Justin Timberlake
Cheap Thrills,Sia Featuring Sean Paul,2016,Cheap Thrills Sia Featuring Sean Paul
Closer,The Chainsmokers Featuring Halsey,2016,Closer The Chainsmokers Featuring Halsey
Cold Water,Major Lazer Featuring Justin Bieber & MO,2016,Cold Water Major Lazer Featuring Justin Bieber & MO
Don't Let Me Down,The Chainsmokers Featuring Daya,2016,Don't Let Me Down The Chainsmokers Featuring Daya
Heathens,twenty one pilots,2016,Heathens twenty one pilots
I Don't Wanna Live Forever (Fifty Shades Darker),Zayn / Taylor Swift,2016,I Don't Wanna Live Forever (Fifty Shades Darker) Zayn / Taylor Swift
One Dance,Drake Featuring WizKid & Kyla,2016,One Dance Drake Featuring WizKid & Kyla
Panda,Desiigner,2016,Panda Desiigner
Pillowtalk,Zayn,2016,Pillowtalk Zayn
Starboy,The Weeknd Featuring Daft Punk,2016,Starboy The Weeknd Featuring Daft Punk
That's What I Like,Bruno Mars,2016,That's What I Like Bruno Mars
Work,Rihanna Featuring Drake,2016,Work Rihanna Featuring Drake
1-800-273-8255,Logic Featuring Alessia Cara & Khalid,2017,1-800-273-8255 Logic Featuring Alessia Cara & Khalid
Bodak Yellow (Money Moves),Cardi B,2017,Bodak Yellow (Money Moves) Cardi B
Despacito,Luis Fonsi & Daddy Yankee Featuring Justin Bieber,2017,Despacito Luis Fonsi & Daddy Yankee Featuring Justin Bieber
Havana,Camila Cabello Featuring Young Thug,2017,Havana Camila Cabello Featuring Young Thug
Humble.,Kendrick Lamar,2017,Humble. Kendrick Lamar
I'm The One,"DJ Khaled Featuring Justin Bieber, Quavo, Chance The Rapper & Lil Wayne",2017,"I'm The One DJ Khaled Featuring Justin Bieber, Quavo, Chance The Rapper & Lil Wayne"
Last Christmas,Wham!,2017,Last Christmas Wham!
Look What You Made Me Do,Taylor Swift,2017,Look What You Made Me Do Taylor Swift
Meant To Be,Bebe Rexha & Florida Georgia Line,2017,Meant To Be Bebe Rexha & Florida Georgia Line
Mi Gente,J Balvin & Willy William Featuring Beyonce,2017,Mi Gente J Balvin & Willy William Featuring Beyonce
Perfect,Ed Sheeran,2017,Perfect Ed Sheeran
Rockstar,Post Malone Featuring 21 Savage,2017,Rockstar Post Malone Featuring 21 Savage
Shape Of You,Ed Sheeran,2017,Shape Of You Ed Sheeran
Something Just Like This,The Chainsmokers & Coldplay,2017,Something Just Like This The Chainsmokers & Coldplay
Unforgettable,French Montana Featuring Swae Lee,2017,Unforgettable French Montana Featuring Swae Lee
Wild Thoughts,DJ Khaled Featuring Rihanna & Bryson Tiller,2017,Wild Thoughts DJ Khaled Featuring Rihanna & Bryson Tiller
Girls Like You,Maroon 5 Featuring Cardi B,2018,Girls Like You Maroon 5 Featuring Cardi B
God's Plan,Drake,2018,God's Plan Drake
Happier,Marshmello & Bastille,2018,Happier Marshmello & Bastille
I Like It,"Cardi B, Bad Bunny & J Balvin",2018,"I Like It Cardi B, Bad Bunny & J Balvin"
In My Feelings,Drake,2018,In My Feelings Drake
Lucid Dreams,Juice WRLD,2018,Lucid Dreams Juice WRLD
Nice For What,Drake,2018,Nice For What Drake
Psycho,Post Malone Featuring Ty Dolla $ign,2018,Psycho Post Malone Featuring Ty Dolla $ign
Sad!,XXXTENTACION,2018,Sad! XXXTENTACION
Shallow,Lady Gaga & Bradley Cooper,2018,Shallow Lady Gaga & Bradley Cooper
Sicko Mode,Travis Scott,2018,Sicko Mode Travis Scott
Sunflower (Spider-Man: Into The Spider-Verse),Post Malone & Swae Lee,2018,Sunflower (Spider-Man: Into The Spider-Verse) Post Malone & Swae Lee
"Thank U, Next",Ariana Grande,2018,"Thank U, Next Ariana Grande"
This Is America,Childish Gambino,2018,This Is America Childish Gambino
Without Me,Halsey,2018,Without Me Halsey
ZEZE,Kodak Black Featuring Travis Scott & Offset,2018,ZEZE Kodak Black Featuring Travis Scott & Offset
7 Rings,Ariana Grande,2019,7 Rings Ariana Grande
Bad Guy,Billie Eilish,2019,Bad Guy Billie Eilish
Blinding Lights,The Weeknd,2019,Blinding Lights The Weeknd
Circles,Post Malone,2019,Circles Post Malone
Cruel Summer,Taylor Swift,2019,Cruel Summer Taylor Swift
Don't Start Now,Dua Lipa,2019,Don't Start Now Dua Lipa
HIGHEST IN THE ROOM,Travis Scott,2019,HIGHEST IN THE ROOM Travis Scott
Heartless,The Weeknd,2019,Heartless The Weeknd
Lose You To Love Me,Selena Gomez,2019,Lose You To Love Me Selena Gomez
Old Town Road,Lil Nas X Featuring Billy Ray Cyrus,2019,Old Town Road Lil Nas X Featuring Billy Ray Cyrus
Senorita,Shawn Mendes & Camila Cabello,2019,Senorita Shawn Mendes & Camila Cabello
Someone You Loved,Lewis Capaldi,2019,Someone You Loved Lewis Capaldi
Sucker,Jonas Brothers,2019,Sucker Jonas Brothers
The Box,Roddy Ricch,2019,The Box Roddy Ricch
Truth Hurts,Lizzo,2019,Truth Hurts Lizzo
Watermelon Sugar,Harry Styles,2019,Watermelon Sugar Harry Styles
Cardigan,Taylor Swift,2020,Cardigan Taylor Swift
Dynamite,BTS,2020,Dynamite BTS
Franchise,Travis Scott Featuring Young Thug & M.I.A.,2020,Franchise Travis Scott Featuring Young Thug & M.I.A.
Mood,24kGoldn Featuring iann dior,2020,Mood 24kGoldn Featuring iann dior
Positions,Ariana Grande,2020,Positions Ariana Grande
Rain On Me,Lady Gaga & Ariana Grande,2020,Rain On Me Lady Gaga & Ariana Grande
Rockstar,DaBaby Featuring Roddy Ricch,2020,Rockstar DaBaby Featuring Roddy Ricch
Savage,Megan Thee Stallion,2020,Savage Megan Thee Stallion
Savage Love (Laxed - Siren Beat),Jawsh 685 x Jason Derulo,2020,Savage Love (Laxed - Siren Beat) Jawsh 685 x Jason Derulo
Say So,Doja Cat Featuring Nicki Minaj,2020,Say So Doja Cat Featuring Nicki Minaj
Stuck With U,Ariana Grande & Justin Bieber,2020,Stuck With U Ariana Grande & Justin Bieber
The Scotts,"THE SCOTTS, Travis Scott & Kid Cudi",2020,"The Scotts THE SCOTTS, Travis Scott & Kid Cudi"
Toosie Slide,Drake,2020,Toosie Slide Drake
WAP,Cardi B Featuring Megan Thee Stallion,2020,WAP Cardi B Featuring Megan Thee Stallion
Willow,Taylor Swift,2020,Willow Taylor Swift
Butter,BTS,2021,Butter BTS
Drivers License,Olivia Rodrigo,2021,Drivers License Olivia Rodrigo
Easy On Me,Adele,2021,Easy On Me Adele
Good 4 U,Olivia Rodrigo,2021,Good 4 U Olivia Rodrigo
Heat Waves,Glass Animals,2021,Heat Waves Glass Animals
Industry Baby,Lil Nas X & Jack Harlow,2021,Industry Baby Lil Nas X & Jack Harlow
Leave The Door Open,Silk Sonic (Bruno Mars & Anderson .Paak),2021,Leave The Door Open Silk Sonic (Bruno Mars & Anderson .Paak)
Montero (Call Me By Your Name),Lil Nas X,2021,Montero (Call Me By Your Name) Lil Nas X
My Universe,Coldplay x BTS,2021,My Universe Coldplay x BTS
Peaches,Justin Bieber Featuring Daniel Caesar & Giveon,2021,Peaches Justin Bieber Featuring Daniel Caesar & Giveon
Rapstar,Polo G,2021,Rapstar Polo G
Save Your Tears,The Weeknd & Ariana Grande,2021,Save Your Tears The Weeknd & Ariana Grande
Stay,The Kid LAROI & Justin Bieber,2021,Stay The Kid LAROI & Justin Bieber
Up,Cardi B,2021,Up Cardi B
Way 2 Sexy,Drake Featuring Future & Young Thug,2021,Way 2 Sexy Drake Featuring Future & Young Thug
About Damn Time,Lizzo,2022,About Damn Time Lizzo
Anti-Hero,Taylor Swift,2022,Anti-Hero Taylor Swift
As It Was,Harry Styles,2022,As It Was Harry Styles
Bad Habit,Steve Lacy,2022,Bad Habit Steve Lacy
Break My Soul,Beyonce,2022,Break My Soul Beyonce
First Class,Jack Harlow,2022,First Class Jack Harlow
Jimmy Cooks,Drake Featuring 21 Savage,2022,Jimmy Cooks Drake Featuring 21 Savage
Kill Bill,SZA,2022,Kill Bill SZA
Lavender Haze,Taylor Swift,2022,Lavender Haze Taylor Swift
Rich Flex,Drake & 21 Savage,2022,Rich Flex Drake & 21 Savage
Snooze,SZA,2022,Snooze SZA
Super Freaky Girl,Nicki Minaj,2022,Super Freaky Girl Nicki Minaj
Unholy,Sam Smith & Kim Petras,2022,Unholy Sam Smith & Kim Petras
Wait For U,Future Featuring Drake & Tems,2022,Wait For U Future Featuring Drake & Tems
We Don't Talk About Bruno,"Carolina Gaitan, Mauro Castillo, Adassa, Rhenzy Feliz, Diane Guerrero, Stephanie Beatriz & Encanto Cast",2022,"We Don't Talk About Bruno Carolina Gaitan, Mauro Castillo, Adassa, Rhenzy Feliz, Diane Guerrero, Stephanie Beatriz & Encanto Cast"
Die For You,The Weeknd & Ariana Grande,2023,Die For You The Weeknd & Ariana Grande
First Person Shooter,Drake Featuring J. Cole,2023,First Person Shooter Drake Featuring J. Cole
Flowers,Miley Cyrus,2023,Flowers Miley Cyrus
I Remember Everything,Zach Bryan Featuring Kacey Musgraves,2023,I Remember Everything Zach Bryan Featuring Kacey Musgraves
Is It Over Now? (Taylor's Version) [From The Vault],Taylor Swift,2023,Is It Over Now? (Taylor's Version) [From The Vault] Taylor Swift
Last Night,Morgan Wallen,2023,Last Night Morgan Wallen
Like Crazy,Jimin,2023,Like Crazy Jimin
Lose Control,Teddy Swims,2023,Lose Control Teddy Swims
Lovin On Me,Jack Harlow,2023,Lovin On Me Jack Harlow
Paint The Town Red,Doja Cat,2023,Paint The Town Red Doja Cat
Rich Men North Of Richmond,Oliver Anthony Music,2023,Rich Men North Of Richmond Oliver Anthony Music
Seven,Jung Kook Featuring Latto,2023,Seven Jung Kook Featuring Latto
Slime You Out,Drake Featuring SZA,2023,Slime You Out Drake Featuring SZA
Try That In A Small Town,Jason Aldean,2023,Try That In A Small Town Jason Aldean
Vampire,Olivia Rodrigo,2023,Vampire Olivia Rodrigo
A Bar Song (Tipsy),Shaboozey,2024,A Bar Song (Tipsy) Shaboozey
Die With A Smile,Lady Gaga & Bruno Mars,2024,Die With A Smile Lady Gaga & Bruno Mars
Fortnight,Taylor Swift Featuring Post Malone,2024,Fortnight Taylor Swift Featuring Post Malone
Hiss,Megan Thee Stallion,2024,Hiss Megan Thee Stallion
I Had Some Help,Post Malone Featuring Morgan Wallen,2024,I Had Some Help Post Malone Featuring Morgan Wallen
Like That,"Future, Metro Boomin & Kendrick Lamar",2024,"Like That Future, Metro Boomin & Kendrick Lamar"
Love Somebody,Morgan Wallen,2024,Love Somebody Morgan Wallen
Luther,Kendrick Lamar & SZA,2024,Luther Kendrick Lamar & SZA
Not Like Us,Kendrick Lamar,2024,Not Like Us Kendrick Lamar
Please Please Please,Sabrina Carpenter,2024,Please Please Please Sabrina Carpenter
Squabble Up,Kendrick Lamar,2024,Squabble Up Kendrick Lamar
Texas Hold 'Em,Beyonce,2024,Texas Hold 'Em Beyonce
Too Sweet,Hozier,2024,Too Sweet Hozier
We Can't Be Friends (Wait For Your Love),Ariana Grande,2024,We Can't Be Friends (Wait For Your Love) Ariana Grande
"Yes, And?",Ariana Grande,2024,"Yes, And? Ariana Grande"
4X4,Travis Scott,2025,4X4 Travis Scott
DTMF,Bad Bunny,2025,DTMF Bad Bunny
Daisies,Justin Bieber,2025,Daisies Justin Bieber
Evil J0rdan,Playboi Carti,2025,Evil J0rdan Playboi Carti
Golden,"HUNTR/X: EJAE, Audrey Nuna & REI AMI",2025,"Golden HUNTR/X: EJAE, Audrey Nuna & REI AMI"
I'm The Problem,Morgan Wallen,2025,I'm The Problem Morgan Wallen
Jingle Bell Rock,Bobby Helms,2025,Jingle Bell Rock Bobby Helms
Just In Case,Morgan Wallen,2025,Just In Case Morgan Wallen
Manchild,Sabrina Carpenter,2025,Manchild Sabrina Carpenter
Nokia,Drake,2025,Nokia Drake
Opalite,Taylor Swift,2025,Opalite Taylor Swift
Ordinary,Alex Warren,2025,Ordinary Alex Warren
The Fate Of Ophelia,Taylor Swift,2025,The Fate Of Ophelia Taylor Swift
What Did I Miss?,Drake,2025,What Did I Miss? Drake
What I Want,Morgan Wallen Featuring Tate McRae,2025,What I Want Morgan Wallen Featuring Tate McRae
